reference_distance_m,open_loop_final_error_m,ekf_final_error_m,open_loop_drift_pct,ekf_drift_pct,is_low_motion,start_idx,duration_steps,dt_seconds,map_matched_ekf_drift_m,map_matched_ekf_drift_pct,map_matched_dr_drift_m,map_matched_dr_drift_pct,trip,duration_s,seed,excluded
550.1311808328059,26.52518583536747,28.428964487896835,4.821611055605467,5.16767009004292,False,7670,30.0,1.0,27.036393618408518,4.914535761721409,24.480192799084712,4.449882801048621,A5,30,42,False
707.4483910445863,206.5974105074046,207.62101275381423,29.203177662522094,29.347866979702992,False,8106,30.0,1.0,207.06546129273713,29.269338076660777,206.0249656153663,29.12226082119703,A5,30,42,False
440.5370857535928,55.93490303438929,54.50992245274638,12.696979401565198,12.373515015086745,False,4715,30.0,1.0,25.333025479387924,5.750486462689667,26.62032416394734,6.04269765811203,A5,30,42,False
415.051558476619,76.57855707090553,78.16151463253625,18.45037213014571,18.83176030453077,False,2022,30.0,1.0,34.850703904525446,8.396716791629318,32.55865126658967,7.84448355912481,A5,30,42,False
728.8412193379894,238.57774793853076,235.7300413494661,32.733844026444096,32.343127020667275,False,676,30.0,1.0,234.259487604726,32.14136102476547,237.05221757351475,32.52453501310349,A5,30,42,False
,,,,,,2283,,,,,,,A5,30,42,True
562.9049847189924,41.263347245534646,37.9538951800469,7.330428467627394,6.742504722887442,False,5739,30.0,1.0,31.233031871585503,5.54854419830326,35.49422803390776,6.305545162586687,A5,30,42,False
494.7926781904535,21.71876692208039,21.197331506196036,4.389468130674419,4.284083504169568,False,2476,30.0,1.0,9.986191757062079,2.0182577869954326,11.048797033871615,2.2330154670596722,A5,30,42,False
672.3574358491201,105.90323634082309,106.27290124276584,15.751032218016286,15.80601263203906,False,6851,30.0,1.0,106.1971382932344,15.794744377165703,105.77088205209594,15.731347109817847,A5,30,42,False
654.9845540748955,133.44860032960023,136.42875032044475,20.374312569566452,20.829308030498154,False,511,30.0,1.0,116.69067139955018,17.81578980352672,113.04377071520841,17.25899794306939,A5,30,42,False
617.3027230813854,129.75157334396354,129.9123402729558,21.0191156611595,21.04515911163867,False,6343,30.0,1.0,116.2537463207864,18.83253418039102,115.68122427919793,18.739788430181036,A5,30,42,False
622.1994295981514,98.4198400574321,96.43308536999398,15.818053726117482,15.498742168933754,False,8014,30.0,1.0,92.84818907612004,14.922577016196591,94.94901075277615,15.260221439627344,A5,30,42,False
670.5598263900652,106.39119403752417,107.13644028463887,15.866025647596182,15.977163568149328,False,6913,30.0,1.0,103.0473585886012,15.36736239380056,102.19833568797797,15.240748351740525,A5,30,42,False
728.1996966341706,189.03076723334905,185.47437839100553,25.958644051497515,25.470263067712214,False,789,30.0,1.0,178.78663011063367,24.55186824946614,182.4059197888439,25.048887088520733,A5,30,42,False
622.7708246391974,124.52733656030298,130.0733801485608,19.995692096277626,20.886235353738495,False,7499,30.0,1.0,123.10544701343318,19.76737543618142,117.03791329689126,18.793095094764155,A5,30,42,False
321.33261919008646,223.21302213449022,218.79025922760036,69.46478782549215,68.08840626857541,False,5282,30.0,1.0,216.59035123867204,67.4037860782962,221.04082772069899,68.78879221095845,A5,30,123,False
611.4156827750302,65.42032857667887,53.70796314195442,10.699811996930771,8.784197830547996,False,6191,30.0,1.0,53.71919631421313,8.786035070346578,65.48033543696292,10.709626409935636,A5,30,123,False
581.5360436071213,18.317050814414802,13.999163066121168,3.1497705113510697,2.407273499212171,False,426,30.0,1.0,13.327517158897184,2.291778352418185,17.267989234699325,2.969375574313562,A5,30,123,False
676.8190527158989,147.68305894672932,144.17880386369646,21.82016867789339,21.30241506723908,False,7263,30.0,1.0,116.35805092592706,17.19189943885481,121.32818040281951,17.92623595863046,A5,30,123,False
763.4546680931056,300.00190622710267,311.17373246164516,39.29531362699279,40.75863904779957,False,1420,30.0,1.0,309.6269937677168,40.556041728198174,298.33526416853687,39.077010939456855,A5,30,123,False
599.3478256800793,139.75931294817437,137.48581470635105,23.31856510692929,22.939236419243876,False,7319,30.0,1.0,135.8133555506226,22.660189915015597,138.12891330339937,23.046536148965696,A5,30,123,False
,,,,,,1251,,,,,,,A5,30,123,True
631.8904107640451,136.71240841593462,136.6377366773661,21.6354617963944,21.623644598776504,False,6680,30.0,1.0,87.17032349867723,13.795164796578563,88.0107784821613,13.928171243450867,A5,30,123,False
603.3968730759111,109.15116416733353,111.77868425979231,18.089448095897183,18.524902804017323,False,7394,30.0,1.0,111.74059254562398,18.51858992507015,109.09935938327217,18.080862571779814,A5,30,123,False
452.2739237745809,89.28121036724023,84.87193537463726,19.740516902261014,18.765604407681597,False,1969,30.0,1.0,75.94358642265017,16.791502324264314,82.65925196771846,18.276369169785895,A5,30,123,False
,,,,,,2430,,,,,,,A5,30,123,True
749.2211534346254,266.95064729654615,261.8562583611003,35.630420480358126,34.95046251172739,False,150,30.0,1.0,260.1133022033779,34.71782677397062,265.38481107620476,35.42142528405818,A5,30,123,False
486.9096150011626,50.30940946851512,48.86918614385626,10.332391868744468,10.036603229480194,False,4726,30.0,1.0,3.4918489104862243,0.7171451955159864,6.8263221668531795,1.4019690629516282,A5,30,123,False
616.6956618738594,53.665291928160066,46.94059705826348,8.702070607257962,7.6116308189411,False,6181,30.0,1.0,43.186783903915405,7.002932981998006,50.851195999124975,8.24575218262622,A5,30,123,False
,,,,,,1289,,,,,,,A5,30,123,True
633.0014855403597,104.87163709691158,104.40626496154235,16.567360344721504,16.49384201245851,False,6684,30.0,1.0,78.81201192724217,12.450525587623945,79.17590248864332,12.50801211328202,A5,30,2024,False
559.2346278034382,25.34829134218312,25.396678179423585,4.53267556798944,4.541327900093858,False,394,30.0,1.0,18.70657268205995,3.3450311822670256,18.728229635159735,3.348903788150687,A5,30,2024,False
591.1028901308753,90.66319846584575,90.73913017473271,15.337972454469329,15.350818222973379,False,6012,30.0,1.0,30.506833285925378,5.161002220640624,31.28926022932776,5.293369521911837,A5,30,2024,False
,,,,,,2275,,,,,,,A5,30,2024,True
,,,,,,4973,,,,,,,A5,30,2024,True
612.8507450353702,96.5462278086751,95.72169075425296,15.753628202426842,15.619086952195588,False,7981,30.0,1.0,95.46956786697136,15.577947590071284,96.33531416682438,15.719213029799686,A5,30,2024,False
385.51059837609984,142.7660910912634,141.84490910062627,37.032987340073696,36.79403619462725,False,3069,30.0,1.0,137.6653489558393,35.70987400495136,138.6135860057067,35.95584313105624,A5,30,2024,False
,,,,,,2866,,,,,,,A5,30,2024,True
548.6900801687701,87.72366264477961,86.40397499808358,15.987834629304201,15.747318590397482,False,377,30.0,1.0,39.62866103063846,7.2224125171807705,41.5310095173873,7.569119803407578,A5,30,2024,False
,,,,,,4348,,,,,,,A5,30,2024,True
592.9862178520136,5.742964077931619,5.146805163895031,0.9684818812036607,0.8679468441169529,False,6380,30.0,1.0,2.757035323771547,0.4649408773374892,3.988075075635252,0.6725409386547532,A5,30,2024,False
569.0816956016583,132.2082417508506,133.58606077767908,23.23185629983656,23.473968994284025,False,103,30.0,1.0,58.55501815373326,10.289387025851587,55.8493197341239,9.8139371140865,A5,30,2024,False
,,,,,,4978,,,,,,,A5,30,2024,True
571.072048999095,17.177883818634616,16.464353606112756,3.00800640632682,2.8830606637059986,False,4169,30.0,1.0,12.781059195603914,2.2380817303184397,13.647565990274982,2.3898150879901685,A5,30,2024,False
,,,,,,1697,,,,,,,A5,30,2024,True
1242.7692084623775,400.10128886310525,398.6254273048897,32.194335532188845,32.07557964829938,False,239,60.0,1.0,748.0652266638934,60.19341496153102,747.033951050717,60.1104328916379,A5,60,42,False
,,,,,,2603,,,,,,,A5,60,42,True
,,,,,,3817,,,,,,,A5,60,42,True
1305.8792620352476,411.7551473032519,403.3849505886948,31.53087419900677,30.889911672232895,False,212,60.0,1.0,408.5037051770741,31.281889302722384,401.9364347390849,30.778989024808943,A5,60,42,False
360.4176778265817,711.7368291400204,709.7688103174941,197.47556041978584,196.92952204719708,False,4304,60.0,1.0,588.3142962049176,163.23125429158068,590.2811985714831,163.7769828969106,A5,60,42,False
1250.9872423816003,174.73951173025083,171.30784093700288,13.968128995271433,13.693811985713861,False,7504,60.0,1.0,170.74560430304814,13.648868551048263,174.23766221071062,13.928012717300062,A5,60,42,False
734.0363146847299,315.64387620102536,318.51744505220614,43.00112540570899,43.392600431357415,False,8410,60.0,1.0,327.8424402575067,44.66297289369338,317.4441691517987,43.24638479066824,A5,60,42,False
,,,,,,1858,,,,,,,A5,60,42,True
1476.6707754331003,616.0045478613879,618.823482711199,41.71576752988267,41.90666552127715,False,1586,60.0,1.0,615.7997160932042,41.70189634264233,612.8716278639677,41.503606495104876,A5,60,42,False
1310.8007556374885,281.8021645282239,287.020601766741,21.498474372725976,21.89658500976014,False,6622,60.0,1.0,284.9016813507556,21.734934170998237,279.6526028537697,21.334485935489468,A5,60,42,False
628.3652368448908,374.24531720269283,370.95256904895984,59.55856486934742,59.034546677273916,False,3039,60.0,1.0,371.01774511739745,59.04491899970933,374.30957816047857,59.568791558224795,A5,60,42,False
1180.1595062569106,89.89303161537879,90.20546289581586,7.617023897090894,7.643497545676584,False,7718,60.0,1.0,83.07070898559934,7.038939104856523,83.07070898559934,7.038939104856523,A5,60,42,False
1328.6873358941095,328.03392050021756,327.6637288733827,24.688571316853462,24.660709861653714,False,487,60.0,1.0,375.192020067038,28.23779605113502,375.31660301984283,28.247172444620478,A5,60,42,False
1541.2660840328335,397.8777095439756,394.1367710017515,25.81499156219022,25.572273021830487,False,1103,60.0,1.0,389.0257458370516,25.240660899975026,392.31107852929955,25.45381894752329,A5,60,42,False
479.2829396159211,631.9400940762034,636.8355307422433,131.85115551632524,132.87256401251813,False,4288,60.0,1.0,658.7129057586847,137.437169427844,654.3715973313235,136.53137703080182,A5,60,42,False
706.135148719402,221.43011677308672,218.39298404268112,31.358036372308774,30.927929935047644,False,4660,60.0,1.0,214.23322564117865,30.338841796743477,217.1846751263851,30.75681411982625,A5,60,123,False
932.7308463251139,145.51247823158496,146.26327035594903,15.600693255175669,15.681187229114894,False,2479,60.0,1.0,81.83779693610197,8.773999193715575,22.488913638749832,2.4110828678342076,A5,60,123,False
,,,,,,3126,,,,,,,A5,60,123,True
306.595102305102,615.3977180265127,612.0806651964455,200.72000935426294,199.63810921785227,False,1846,60.0,1.0,479.241905547619,156.3110114755555,477.0541266770853,155.5974388013395,A5,60,123,False
521.1782706861688,447.53780234306134,453.4062851170799,85.87038783367646,86.9963907973634,False,2531,60.0,1.0,453.2494712228664,86.96630245657225,447.5075082378341,85.86457521505226,A5,60,123,False
1401.6672602962979,432.86568316371137,434.96438893809847,30.882199750617566,31.031928993344078,False,8179,60.0,1.0,550.0196888122807,39.24038924159592,558.3059890696211,39.831563801497445,A5,60,123,False
308.407130489872,790.6893408023376,790.9115727173523,256.3784240482415,256.45048201741423,False,5319,60.0,1.0,787.1895271110764,255.2436209437536,786.9388478503591,255.162339016089,A5,60,123,False
1252.5068204313322,313.6067135537633,314.52333782051915,25.038323818928582,25.111506994605037,False,7450,60.0,1.0,313.5094546743117,25.030558681217148,312.5328166908806,24.952584017327116,A5,60,123,False
817.5609811334829,297.3010619685961,292.1958702375434,36.364389792234455,35.739948087106264,False,4784,60.0,1.0,311.984457807285,38.160389867767854,312.79575133809783,38.25962326436269,A5,60,123,False
1264.37462885691,192.77338335539295,191.16234825148538,15.246539985516366,15.119122441132069,False,5665,60.0,1.0,189.0500376993564,14.952058779467276,190.60891295827813,15.07535097652212,A5,60,123,False
1260.7382931807276,284.39288603530014,280.88760793387695,22.557646386531406,22.27961262485517,False,5615,60.0,1.0,199.91610895053284,15.857066453194085,207.7061060233917,16.47495813737585,A5,60,123,False
1258.3992082333898,153.1931061419573,151.54810415619875,12.1736492791519,12.042927487927328,False,6151,60.0,1.0,120.1217917867284,9.54560293750995,122.89730216942984,9.766161752593586,A5,60,123,False
1171.0211823671034,179.4255427943005,178.92892498117618,15.322143228153184,15.279734275983724,False,444,60.0,1.0,65.54618824767172,5.597352911684876,45.181939387918355,3.858336643969799,A5,60,123,False
1280.990499043709,367.2988908961006,366.6262918644997,28.673037869546906,28.620531700913887,False,7265,60.0,1.0,569.432669162125,44.452528694570375,588.2532262343047,45.921747793871255,A5,60,123,False
1234.2014495928688,268.77183604691584,266.04005345021,21.77698269075739,21.5556426009684,False,7358,60.0,1.0,266.06604174980333,21.55774827825487,268.7973363434471,21.77904882805934,A5,60,123,False
1514.2624700815884,599.3800329196399,603.5160184677726,39.582307873439234,39.855443187154684,False,662,60.0,1.0,603.4786286618458,39.852974011125724,599.3516565809493,39.58043393551557,A5,60,2024,False
1377.2059468271023,303.5234298276925,303.0106850775321,22.039073424491797,22.001842627504484,False,6880,60.0,1.0,493.5304500510545,35.83563164159162,493.5304500510545,35.83563164159162,A5,60,2024,False
513.8008485628669,555.6093567876488,553.2111715887912,108.1371037711835,107.6703499295802,False,4909,60.0,1.0,491.021531419307,95.56650846193129,491.021531419307,95.56650846193129,A5,60,2024,False
1377.4937003093416,293.5524800252378,295.24661875986743,21.31062232511954,21.433609365586527,False,6882,60.0,1.0,266.7857603737152,19.367475895810163,264.20383051898256,19.1800391144911,A5,60,2024,False
,,,,,,2756,,,,,,,A5,60,2024,True
,,,,,,4398,,,,,,,A5,60,2024,True
1205.8218403803537,91.85839622618792,87.63098994302774,7.61790781606783,7.267324824319503,False,6043,60.0,1.0,83.23548334541772,6.902801106933232,88.46426850490484,7.336429441102216,A5,60,2024,False
1409.307376457188,443.548820013034,441.54379581517713,31.472823276356998,31.33055309233957,False,8177,60.0,1.0,608.9485184111123,43.20906344376968,605.3533734743105,42.953963314666574,A5,60,2024,False
891.9382761980797,278.3320224290787,278.29090559832684,31.205300843852037,31.200691014691312,False,4832,60.0,1.0,217.91964671322526,24.432144300625364,217.91964671322526,24.432144300625364,A5,60,2024,False
,,,,,,2879,,,,,,,A5,60,2024,True
,,,,,,1711,,,,,,,A5,60,2024,True
,,,,,,3364,,,,,,,A5,60,2024,True
1550.2997900318665,508.9065317579896,512.297235102363,32.82633043171147,33.045043184314224,False,957,60.0,1.0,483.79987469647926,31.206859331802832,482.90515058407465,31.14914635795368,A5,60,2024,False
,,,,,,2203,,,,,,,A5,60,2024,True
578.6405970070643,419.3692970068783,425.58932389869,72.47491779456988,73.54985566169914,False,5210,60.0,1.0,423.4338487056708,73.17734892709254,417.32611356773646,72.1218171912403,A5,60,2024,False
428.54965373772313,1054.143372529946,1062.9898867427455,245.97928462569536,248.04357615775987,False,2683,90.0,1.0,1062.6919949611995,247.97406454365688,1057.983453529041,246.87534905267663,A5,90,42,False
2318.867584695143,708.260951035714,706.4433735269557,30.543397808065343,30.46501569083042,False,1090,90.0,1.0,1048.7975589774196,45.228868000037316,1048.7975589774196,45.228868000037316,A5,90,42,False
1552.8909192565682,132.96779444279397,132.17275027354316,8.562597204602822,8.51139952166245,False,8210,90.0,1.0,134.66768437874936,8.672063356724388,135.97888595663707,8.756499524238038,A5,90,42,False
1188.4232891791207,565.0828977211881,568.347558970498,47.548958596352286,47.82366385322796,False,4847,90.0,1.0,392.1812107642617,33.00012834948337,392.1812107642617,33.00012834948337,A5,90,42,False
612.4361515196766,699.76292369124,703.112629667731,114.25891857540968,114.80586636224088,False,3475,90.0,1.0,461.284176586107,75.31955379209626,462.3719267235983,75.49716416581312,A5,90,42,False
573.2743669404302,842.6413403021301,844.9289937134395,146.98744421441924,147.38649457202004,False,2954,90.0,1.0,794.7717839599583,138.63724418757138,792.4736709493621,138.23636929360723,A5,90,42,False
,,,,,,3332,,,,,,,A5,90,42,True
420.7742834593302,1064.8142365372833,1062.0159506949055,253.06067371396344,252.39564118883573,False,2691,90.0,1.0,1068.8522670327472,254.0203403699829,1070.1996542402826,254.3405565192347,A5,90,42,False
434.24397486880076,994.4905584651785,994.9504194737411,229.01654738344877,229.12244660950057,False,1219,90.0,1.0,968.9061898953969,223.12484362923746,969.3645829888956,223.23040481604198,A5,90,42,False
1898.9599685038945,425.26410119733987,427.8079997730249,22.39457957254288,22.528542300450685,False,6098,90.0,1.0,366.2559491695995,19.287186420162197,363.84917585457333,19.16044476394275,A5,90,42,False
1888.0540998076458,1068.6415094053104,1069.6041089896355,56.600153010137966,56.65113669669775,False,263,90.0,1.0,1097.1899143375713,58.11220740175573,1094.185433057155,57.95307630054829,A5,90,42,False
1967.1981388749598,375.1381616252221,376.2491563361473,19.069668388348695,19.12614438275771,False,472,90.0,1.0,315.79361625889834,16.052964366848204,314.20122638500993,15.972017265363089,A5,90,42,False
1137.8833759640752,475.75965318813695,473.0017206114505,41.81093275794175,41.56855883501227,False,5385,90.0,1.0,153.14647151207123,13.458889965970142,153.14647151207123,13.458889965970142,A5,90,42,False
786.1326177332007,1532.310219178266,1523.2338766668834,194.91752213470735,193.7629659813761,False,33,90.0,1.0,1838.2474114474614,233.8342628178964,1846.204613802924,234.84645874717955,A5,90,42,False
903.368858296665,564.6037688372894,557.3465064500616,62.499804332625594,61.69644894566753,False,2406,90.0,1.0,449.81891334727385,49.79349345686144,445.70864009808906,49.33849955138911,A5,90,42,False
1863.693497982835,417.0893138101451,420.06875406325776,22.379716099325393,22.539583602020308,False,7352,90.0,1.0,418.00838980246164,22.42903086021882,415.0000815668617,22.267614391316826,A5,90,123,False
512.0532174679622,954.6113583191512,946.6976986408325,186.42815351099296,184.88267749241606,False,2139,90.0,1.0,944.2630264678932,184.40720500442382,951.9610632743314,185.91057155770983,A5,90,123,False
2184.902988963821,937.8837473712293,937.4528112041716,42.925647138961345,42.90592378422961,False,7067,90.0,1.0,749.0619511333778,34.28353363590832,750.3173693608729,34.340992398784124,A5,90,123,False
1805.0030806758894,170.35281274996407,169.73775829795392,9.437812853270861,9.403737872535656,False,5696,90.0,1.0,105.85532521856332,5.864550944640241,104.03438407945006,5.763667951220008,A5,90,123,False
1986.6500896173868,632.0119795036231,632.8048964690664,31.812948984153707,31.85286124497846,False,8039,90.0,1.0,527.6089456725953,26.557718867050646,526.0266948926613,26.478074706853384,A5,90,123,False
639.5470858222261,683.0351748149199,682.6550923705671,106.79982599510774,106.74039605589316,False,3479,90.0,1.0,406.97657058541347,63.63512235571973,407.8321199870069,63.76889661887558,A5,90,123,False
2352.093796698689,1188.7465033749118,1190.2441661857968,50.53992766119242,50.60360126183654,False,1446,90.0,1.0,1144.9960280295882,48.679862581869045,1144.9960280295882,48.679862581869045,A5,90,123,False
,,,,,,3269,,,,,,,A5,90,123,True
740.5420648456324,880.5185605074362,880.9963413273932,118.90189663850927,118.96641435365846,False,4026,90.0,1.0,856.399600126705,115.64496343704977,855.9938416943037,115.59017135275597,A5,90,123,False
1865.5932406570084,376.04917197583126,379.54512618325737,20.157082679148083,20.344473699400435,False,7953,90.0,1.0,334.8135786608283,17.9467619931404,330.4982467301926,17.715450481252848,A5,90,123,False
2286.001434277963,663.355135223995,660.2514799607682,29.018141689553083,28.882373827963477,False,738,90.0,1.0,1015.5860078845085,44.42630667925555,997.7119661616562,43.64441558090207,A5,90,123,False
1985.0648995463923,589.9461142333419,585.1393540510123,29.719235596183815,29.47708934779526,False,8176,90.0,1.0,475.17596787805576,23.93755327529283,484.1438450758593,24.38932073135196,A5,90,123,False
,,,,,,4450,,,,,,,A5,90,123,True
1843.2184943429938,583.9373174012693,584.8377707375847,31.680309154526515,31.729161384421072,False,7297,90.0,1.0,971.1382711103454,52.687094562628225,944.3746992301219,51.23509242818983,A5,90,123,False
1112.976927522526,574.6762777188102,580.0848029216892,51.634159119365854,52.12011036140267,False,5129,90.0,1.0,574.837878030671,51.64867876553863,574.837878030671,51.64867876553863,A5,90,123,False
2119.205467080345,746.7713708260023,746.1499214262201,35.238271249594234,35.20894660838148,False,103,90.0,1.0,1024.5730628375375,48.34703754559034,1055.1236882008532,49.78864506491246,A5,90,2024,False
426.4345130068926,996.0839106806113,987.3111691268425,233.58426213136067,231.52703146963253,False,1637,90.0,1.0,988.2741356028697,231.75284960739,999.6320137454055,234.41630150823372,A5,90,2024,False
2277.0713726178697,624.2196690885552,617.3426930579734,27.41326761184967,27.11125792900536,False,742,90.0,1.0,1077.1480632087928,47.30409754220541,1070.107034184147,46.99488329844849,A5,90,2024,False
1862.7500711280193,758.6304065949029,758.614242275687,40.72636572954211,40.72549796314304,False,6312,90.0,1.0,735.5723929984953,39.48851777807514,732.3375942183847,39.314860622976944,A5,90,2024,False
1907.2581525783833,478.479020773098,475.1677859876287,25.08727096676724,24.913658664678355,False,5602,90.0,1.0,360.6645607267131,18.910107173438377,366.8404955723669,19.23391938718116,A5,90,2024,False
1898.9107887165628,342.50272061520326,341.18728239615183,18.03679891916851,17.967525616448455,False,7978,90.0,1.0,341.1610487008913,17.966144103666686,342.4772183227285,18.03545592335079,A5,90,2024,False
498.72441175992617,845.1227972083526,838.3136719978895,169.45687383259158,168.09156564837122,False,3455,90.0,1.0,725.4362070022426,145.45833127403637,668.3181411664872,134.00549991288563,A5,90,2024,False
2233.4963714084574,752.5144345621271,752.8807562961082,33.692216571078944,33.708617839452174,False,1382,90.0,1.0,755.4145273024993,33.82206199091024,753.6875463934524,33.74474013217994,A5,90,2024,False
342.1735991066035,1078.1837549910606,1072.2133908067888,315.09846399784766,313.3536291538211,False,2624,90.0,1.0,977.5127754843712,285.677439181925,968.0857974069787,282.9224112949093,A5,90,2024,False
1795.8881173910154,423.3028170380421,423.2302803048091,23.570667512016126,23.566628466792174,False,5468,90.0,1.0,57.914184424110786,3.224821405258022,95.41348842198029,5.312886003198945,A5,90,2024,False
1870.2836193039836,445.1851885018922,446.04828416984384,23.803084404255518,23.849232253653508,False,7310,90.0,1.0,704.9750869085854,37.69348561000273,408.586224818773,21.84621736519439,A5,90,2024,False
874.3952399942729,688.1137907681111,685.7599836067977,78.69596714325871,78.4267745569257,False,5359,90.0,1.0,374.2729794650005,42.803638714622,391.5464194210644,44.779111494663326,A5,90,2024,False
2249.2215855357117,993.075555944131,997.4546063776698,44.15196627715111,44.34665809683218,False,639,90.0,1.0,917.2801290462268,40.782114796739876,916.1479262785499,40.73177725885754,A5,90,2024,False
307.75167735545796,1296.2196397124915,1292.5308572861522,421.1901136822522,419.9914906696866,False,2712,90.0,1.0,1288.2117529680775,418.5880525616674,1288.2117529680775,418.5880525616674,A5,90,2024,False
1777.3591182784178,334.3455529157113,333.1075452279751,18.81136735268022,18.741713016929808,False,5848,90.0,1.0,339.4471256616345,19.098398414296213,343.98405436353494,19.353660767033066,A5,90,2024,False
785.4433407152557,202.68350492351394,204.2199359281054,25.804981010971762,26.000594230276963,False,2338,30.0,1.0,201.84411665139874,25.698112924045102,198.27828199864922,25.244122869268864,T2,30,42,False
956.4776736295512,89.05867346763011,79.92026894520038,9.311108447485102,8.35568577799903,False,6886,30.0,1.0,72.09878783964088,7.537947808655815,82.31186824248073,8.605728132694558,T2,30,42,False
884.1586438722021,49.95023859010163,52.24084663186699,5.649465617543805,5.908537680870988,False,5861,30.0,1.0,30.94795096527868,3.5002712669008242,26.687711716768362,3.018430221966574,T2,30,42,False
1210.2760937979888,373.8474696101972,365.95423562524724,30.88943684221836,30.237252268351412,False,6610,30.0,1.0,365.57867638772126,30.206221395358835,373.48380105686675,30.85938844622062,T2,30,42,False
659.863722466093,51.165785086793385,52.64900383616801,7.753992732858947,7.97876925850752,False,676,30.0,1.0,52.753351781574224,7.9945828184674825,51.2744801045118,7.770465076165259,T2,30,42,False
350.48458836962084,282.3296870693201,283.69697806137884,80.55409465581846,80.94420909663286,False,132,30.0,1.0,283.4901718842908,80.88520331322593,282.1210588250559,80.49456900157082,T2,30,42,False
902.0562827790741,134.41717608610927,134.98539751657745,14.90119615064306,14.964187944094972,False,1507,30.0,1.0,129.86919675596965,14.397017041538238,129.21708630763155,14.32472549379478,T2,30,42,False
1260.8985828106506,513.1172163224411,506.2861784946975,40.69456682064461,40.152807323023744,False,5106,30.0,1.0,500.7495505179292,39.71370555447177,507.8483955532099,40.27670444526731,T2,30,42,False
615.5383441573994,151.88791601274553,158.75480311790156,24.675622153265284,25.791212623028137,False,2098,30.0,1.0,157.00643297578478,25.507173430553443,150.0196235583046,24.372100451948945,T2,30,42,False
,,,,,,3386,,,,,,,T2,30,42,True
,,,,,,3859,,,,,,,T2,30,42,True
1032.647115659592,328.95693353447973,333.48668331964967,31.85569673763744,32.29435092225467,False,1940,30.0,1.0,333.4770630908258,32.293419313704376,328.934918442247,31.853564829079435,T2,30,42,False
500.06397075881875,834.8846684336122,828.9155846570702,166.9555731373172,165.76190910119715,False,393,30.0,1.0,568.5419853538534,113.6938509069396,552.254624406393,110.43679543006826,T2,30,42,False
747.7079216715947,61.671761932594784,57.735397059281034,8.248108672530824,7.721651113473069,False,1623,30.0,1.0,48.25405682816629,6.45359711052523,52.8808823045692,7.072398295091935,T2,30,42,False
942.7392011214972,143.90652419858822,140.76710111050363,15.264722632451772,14.931711860824807,False,5923,30.0,1.0,137.41998945057304,14.576670757627994,140.6042918605635,14.914442052828445,T2,30,42,False
1242.5018852010053,435.2774795622311,429.0310014878615,35.032339567984984,34.5296056768924,False,5079,30.0,1.0,427.6322769128692,34.41703244125775,433.98477586010205,34.92829918643498,T2,30,123,False
681.5879380640707,36.884286476199954,43.013712390814604,5.411522771509603,6.310808919680621,False,2861,30.0,1.0,35.42376799417458,5.197241033165801,27.554618882893475,4.042709288717384,T2,30,123,False
702.3102904352478,4.8692066363557025,4.79589870824487,0.6933127283864905,0.6828746173251531,False,1088,30.0,1.0,1.5827919482321502,0.2253693231877943,2.377169245051039,0.3384784869915289,T2,30,123,False
1174.6753733108862,341.2177453742006,346.6835430035662,29.047833395234964,29.513136214511743,False,6384,30.0,1.0,343.00016263461276,29.199570402829522,337.352076811407,28.71874940738409,T2,30,123,False
733.7932996425532,87.91725379833058,95.04784091680577,11.981201496546372,12.95294478201227,False,1890,30.0,1.0,61.3415355835028,8.359511542744205,50.567740581922635,6.891278593924922,T2,30,123,False
636.0244975970851,69.0819373320928,66.75343105914843,10.861521465460203,10.49541822859723,False,704,30.0,1.0,28.77562199506488,4.524294599308648,37.077766594271274,5.829612968423687,T2,30,123,False
759.6371526967877,54.30801276469339,58.229441444458466,7.149204402640724,7.665428321631998,False,1854,30.0,1.0,57.77729159920264,7.6059065033993525,53.834194433300496,7.086830105950417,T2,30,123,False
1146.4846673550774,244.22582934273592,248.45707821817075,21.302145270390856,21.671208110559164,False,7194,30.0,1.0,243.27276052404136,21.219015609277,238.7623135293288,20.825600230672933,T2,30,123,False
930.8576508521527,127.99316569169719,128.10021976203447,13.750025642967643,13.761526227427497,False,6732,30.0,1.0,223.40981482699158,24.000427414704202,223.40981482699158,24.000427414704202,T2,30,123,False
324.4154145104451,244.76183801595678,240.53464038355787,75.44704322552352,74.14402325688918,False,168,30.0,1.0,256.5658539342093,79.0855928721441,256.699267414014,79.12671714486278,T2,30,123,False
890.3381682906522,302.8235590790822,306.98835881459155,34.01219557513399,34.47997286289255,False,1066,30.0,1.0,281.17140992695533,31.58029386370938,357.54934992261565,40.15882533813749,T2,30,123,False
582.4212890546925,127.3557393731085,125.12814835087066,21.866600992524695,21.484130251138613,False,549,30.0,1.0,102.75679372595064,17.643035317739088,110.72267152921393,19.01075280213812,T2,30,123,False
965.2822987143894,25.6788299973282,22.73880260456209,2.6602404324132465,2.355663481537655,False,5513,30.0,1.0,11.25550978267756,1.166032962343576,16.577369479409604,1.717359730048729,T2,30,123,False
1260.511660768123,479.7599411062579,472.3787669413788,38.06073010176714,37.47516041648702,False,5926,30.0,1.0,472.5590049072624,37.489459210500065,479.93828238945997,38.07487842651119,T2,30,123,False
1010.9915747542241,290.4942936697097,283.62150302333913,28.73360183444951,28.053794918349205,False,3999,30.0,1.0,283.63035348059407,28.05467034179248,290.50309581217255,28.73447247894177,T2,30,123,False
828.100163505916,192.5375243904118,194.24636354647882,23.25051157764157,23.45686815518798,False,3805,30.0,1.0,207.0306521942846,25.000677613415974,196.44362043606714,23.722205246812962,T2,30,2024,False
624.8222720694026,124.09240749323448,142.06381280509325,19.860432804714556,22.73667555648743,False,1530,30.0,1.0,130.6492657073007,20.90982853005418,112.73750642882369,18.043131858190435,T2,30,2024,False
981.2848188841269,99.43443187937038,101.62026877044362,10.133085722496222,10.355838265795411,False,6756,30.0,1.0,92.55648498622983,9.432173330825695,89.99029903212613,9.170660474953547,T2,30,2024,False
,,,,,,3542,,,,,,,T2,30,2024,True
658.261916865494,51.607243144168514,67.42871413643056,7.839925388652507,10.243447540989768,False,3838,30.0,1.0,74.82691193805121,11.367346343589398,61.08274627231212,9.279398474573073,T2,30,2024,False
602.2387461223136,101.07465221204652,105.56237778145555,16.78315333625486,17.528327172761486,False,2493,30.0,1.0,100.07867303182702,16.61777387725585,88.16009469184907,14.63872845437014,T2,30,2024,False
947.4813176483103,6.062112294106143,16.411688166101495,0.6398133853607338,1.7321384454139968,False,5375,30.0,1.0,18.40011975740975,1.9420034373954354,1.6533861613670104,0.17450329949204557,T2,30,2024,False
795.4429504216423,191.36271548480477,191.34121914353761,24.05737776459879,24.054675328018547,False,1214,30.0,1.0,165.3179726505114,20.78313379518681,165.3179726505114,20.78313379518681,T2,30,2024,False
1137.4028026084138,251.62892294936745,249.41209807585508,22.12311437709711,21.928212019864603,False,6547,30.0,1.0,235.08684629176622,20.668741606108224,236.36103112298562,20.78076742741773,T2,30,2024,False
495.93836741406096,258.1098444672614,264.13887882955066,52.04474213461376,53.260424315794076,False,2532,30.0,1.0,158.27521331015274,31.91429090986383,151.956229108355,30.640143834946755,T2,30,2024,False
899.693760470507,67.0735872890282,65.09462525960895,7.455157547602771,7.235198032891418,False,4481,30.0,1.0,79.34462397810088,8.819070161896704,60.355154760821115,6.708410951884069,T2,30,2024,False
891.5272498997672,227.70300278014867,220.3719300544927,25.54077879344113,24.71847384129523,False,1049,30.0,1.0,193.80629537739546,21.73868442037916,205.301626319984,23.02808201802757,T2,30,2024,False
1130.625023461832,318.9249357616884,312.9398522634372,28.20784337367488,27.67848276568784,False,6024,30.0,1.0,309.1548627287545,27.343713106770018,315.38200025244004,27.89448258333961,T2,30,2024,False
1053.9003240683812,437.81459402892034,450.8849044614363,41.542315153564104,42.7824998402962,False,1337,30.0,1.0,476.0539447442142,45.170680174620195,462.22568880531185,43.85857734828069,T2,30,2024,False
787.8926992201127,90.46480388040021,96.6121201690577,11.481868529806896,12.262091051825736,False,1654,30.0,1.0,95.71593965528905,12.148347071883324,89.50777712326321,11.360401893793602,T2,30,2024,False
1960.5944634099483,275.2230459649362,275.6760237249953,14.03773452905996,14.060838631846789,False,7168,60.0,1.0,527.2518391237799,26.892447620542665,510.2536434150178,26.02545569406348,T2,60,42,False
2193.2650758217674,867.1166335293412,866.8834022702341,39.535423378063506,39.52478940309722,False,3910,60.0,1.0,1004.961217013985,45.82032642075644,1004.961217013985,45.82032642075644,T2,60,42,False
1736.9681038234392,320.47925003046277,320.70101984020823,18.450497123408265,18.46326476198823,False,4975,60.0,1.0,4.503465043651411,0.2592716028428109,3.5735304086443986,0.20573379561652813,T2,60,42,False
1787.560408080541,116.42398321343614,114.03256676533071,6.513009724714741,6.379228710249708,False,5849,60.0,1.0,110.58141707616552,6.186163923540151,111.63721455985811,6.245227520995091,T2,60,42,False
1929.375077079047,321.61946206175486,318.93452826148484,16.66961835894898,16.530457558534017,False,4775,60.0,1.0,319.1354970870464,16.54087382377705,321.8238301268816,16.680210807641547,T2,60,42,False
1912.8036051001263,324.0968972744257,318.58727431338525,16.943553243536506,16.65551410839738,False,6262,60.0,1.0,318.4397956112405,16.647804027668155,324.0069547643283,16.93885111364416,T2,60,42,False
2269.6974207812727,445.0944208890981,436.479951512944,19.61029769051278,19.230755056447098,False,5501,60.0,1.0,436.8673700584872,19.24782422795851,445.43596593089046,19.62534573342217,T2,60,42,False
2277.915971466029,636.335932962999,635.6833856744398,27.93500466803715,27.906357988496143,False,6183,60.0,1.0,615.2417156586954,27.0089732617633,616.0436170302369,27.044176552033278,T2,60,42,False
1635.6367437918411,496.8572171787977,495.73471001822946,30.376990432909356,30.30836228764246,False,3708,60.0,1.0,487.90869540963723,29.829893297611736,489.02141569011627,29.89792308996645,T2,60,42,False
1769.468738063128,174.2500359159017,176.54040717161504,9.847590531982888,9.97702888861757,False,6476,60.0,1.0,171.04612302700738,9.666524157653985,169.20385980804392,9.56241024033324,T2,60,42,False
588.0238542082175,463.20329245985835,454.9889158347425,78.77287445822554,77.37592830266922,False,263,60.0,1.0,453.6481255770351,77.14791199888971,461.8287593676229,78.5391198099407,T2,60,42,False
1998.5662142490787,539.7054742348764,534.6074498830941,27.004633140846924,26.74954905529423,False,6014,60.0,1.0,699.7981436305062,35.01500919214935,737.9202538620099,36.92248215750353,T2,60,42,False
1902.2281556891182,260.9155579210021,253.49214928066206,13.716312480217733,13.326064411491675,False,4649,60.0,1.0,520.5598784663703,27.365796101245678,511.34265872293787,26.881247509329093,T2,60,42,False
2223.5839849198674,647.1749902809714,642.4231739023102,29.105039192135308,28.891338409484973,False,4629,60.0,1.0,796.8079917295621,35.834400550347425,565.1701686429569,25.417082173459004,T2,60,42,False
1566.065303929636,477.5781581389549,477.26991070442796,30.495417843725676,30.475734920302656,False,2927,60.0,1.0,461.11104748835555,29.443922059400496,458.3791779505039,29.26948044888804,T2,60,42,False
2319.737583628158,963.8145830080272,959.7441301597579,41.548431590291536,41.3729611889411,False,4096,60.0,1.0,962.13677819889,41.47610423650038,966.2262111833384,41.65239283971611,T2,60,123,False
1905.3378597043375,296.0521121347935,299.8741209385357,15.538037552076652,15.738632359148575,False,4660,60.0,1.0,294.6920709369129,15.466656972986515,290.5258561208821,15.247996812804882,T2,60,123,False
1936.2366199960816,240.73483113244555,232.56472190524107,12.433130777835032,12.011172575886501,False,5515,60.0,1.0,160.2940997532724,8.278642088361948,178.02516941168204,9.19439120059832,T2,60,123,False
1409.647880251817,65.73490891672493,68.92200361126902,4.663214823902134,4.889306370535379,False,1582,60.0,1.0,92.57962717201845,6.567571126732741,87.6849220512767,6.22034220599919,T2,60,123,False
,,,,,,3548,,,,,,,T2,60,123,True
616.4937916884642,418.730990369166,420.1481107175046,67.92136368840603,68.1512314287538,False,248,60.0,1.0,451.0483235011205,73.1634818682896,451.26419790551245,73.19849834490336,T2,60,123,False
1290.9193545050914,503.8797708801513,502.86905495510524,39.032629662085064,38.95433538897506,False,2498,60.0,1.0,532.6166238627591,41.258706208410054,532.6166238627591,41.258706208410054,T2,60,123,False
2282.123840806204,1172.4258293586886,1171.6219889569024,51.3743298411232,51.33910649401938,False,4339,60.0,1.0,1130.5601279069513,49.53982372435841,1130.16901586553,49.52268565172502,T2,60,123,False
1822.6106719322263,460.4231452240384,461.9777680746437,25.261738686953066,25.347035172623105,False,4228,60.0,1.0,457.5015642135412,25.101442192727013,455.8592512649526,25.01133447121085,T2,60,123,False
1578.7738538771182,438.79009911027697,439.33834232552005,27.79309386412157,27.827819750536314,False,1430,60.0,1.0,238.80634799648598,15.126064281469484,238.80634799648598,15.126064281469484,T2,60,123,False
1775.957944383989,317.25227948433246,312.778506985193,17.86372703743134,17.61181946758789,False,1839,60.0,1.0,609.7185794564354,34.33181407164026,662.009840917913,37.27621157986028,T2,60,123,False
581.8448047928279,581.3510590660763,574.8597600579986,99.9151413361975,98.79950036894867,False,352,60.0,1.0,566.5335435080336,97.36849737959832,571.7353966192437,98.26252497396042,T2,60,123,False
1166.269783013998,586.5117067435153,588.5183196466213,50.289539803371184,50.461593725399446,False,2455,60.0,1.0,608.3232428738859,52.15973625774583,609.392178592072,52.251390498793185,T2,60,123,False
1588.0375461891808,438.3409908542149,437.4334051414608,27.602684326079274,27.545532924657305,False,1036,60.0,1.0,426.13005883143836,26.833752127210353,436.8269668869532,27.50734502060158,T2,60,123,False
1037.6464418462406,770.0480589862666,773.1072119309508,74.21102486663497,74.50584136879935,False,2420,60.0,1.0,790.0684661759825,76.14043033484961,787.2603595727371,75.869807655486,T2,60,123,False
2193.069344913208,628.6055807120985,633.7871719224155,28.663278804664326,28.899550002487402,False,4698,60.0,1.0,626.9023695489001,28.58561545274393,621.6677608699207,28.346926754134333,T2,60,2024,False
,,,,,,3157,,,,,,,T2,60,2024,True
,,,,,,3320,,,,,,,T2,60,2024,True
1362.153907108718,544.9970531109553,545.163394519418,40.00994676642346,40.02215841208219,False,1060,60.0,1.0,216.5353805496124,15.896542925110884,167.20836923927598,12.275291974472202,T2,60,2024,False
2139.184737383844,413.25264116421965,412.1327441149527,19.31823062974985,19.26587904787401,False,4518,60.0,1.0,817.701008114429,38.22488978275208,817.701008114429,38.22488978275208,T2,60,2024,False
2055.080353908368,443.05176289492323,447.56437916872704,21.558853504308185,21.778436951019728,False,6817,60.0,1.0,589.8402801944485,28.701567754890245,607.3723686798181,29.554677388877398,T2,60,2024,False
746.7314270499674,262.86839433879356,271.40432414168606,35.20253531812366,36.345641057842485,False,211,60.0,1.0,269.73864964394073,36.12257899865934,261.2021844984737,34.97940156749227,T2,60,2024,False
1820.5150816279936,438.5773479018787,439.2898149154242,24.090838484550282,24.12997394795487,False,4237,60.0,1.0,433.1892352248009,23.794872099462197,432.4710029330545,23.755419952155396,T2,60,2024,False
1487.8236478857643,96.69653290178198,92.92483325625,6.49919316978126,6.245688686847972,False,1852,60.0,1.0,83.2347372907262,5.594395371320042,87.24443901055432,5.863896513174186,T2,60,2024,False
1904.5304775226439,671.6305946640858,673.278229534178,35.26489087944252,35.35140222118987,False,1684,60.0,1.0,669.4234164793083,35.148999944074106,668.0266041929445,35.07565838809224,T2,60,2024,False
1515.8077920742144,454.9715485232376,455.7774786981098,30.01512136975227,30.068289731802277,False,597,60.0,1.0,469.7941223241743,30.99298768489066,465.6012544830042,30.716378218763516,T2,60,2024,False
2000.677941449218,361.6323584081332,367.5621058276437,18.075490858172802,18.371877762664546,False,6490,60.0,1.0,365.810568867452,18.28433059058332,359.89779424069064,17.988792038162515,T2,60,2024,False
1934.4324985379412,312.2136403389983,311.6128250781401,16.13980537315061,16.108746379812136,False,6251,60.0,1.0,311.2863260897687,16.09186809697631,311.8503488906691,16.121025113379144,T2,60,2024,False
2104.9919770402194,685.0112130400922,685.5179327599307,32.54222441281086,32.56629670027634,False,4915,60.0,1.0,839.6316726652196,39.88764241495145,839.7213799324343,39.891904059090386,T2,60,2024,False
,,,,,,3516,,,,,,,T2,60,2024,True
2660.145353575644,1138.5826651251557,1141.945285536079,42.80152073625321,42.927928129984664,False,2276,90.0,1.0,1110.1560718175601,41.73291020828391,1105.672462846242,41.564362690183394,T2,90,42,False
3040.6504284604825,711.0650679487951,708.0224491434586,23.38529484656399,23.28523011117522,False,6047,90.0,1.0,523.1212391182977,17.20425453126357,529.2801989457605,17.406808556212145,T2,90,42,False
2526.702861013046,689.2569822075177,689.1605953912433,27.278909318651333,27.275094591650323,False,2124,90.0,1.0,694.3685737221045,27.48121215344281,694.3685737221045,27.48121215344281,T2,90,42,False
2837.817070685919,708.6289884299615,708.4283851040373,24.970918518672566,24.963849587838492,False,5522,90.0,1.0,561.9062187499543,19.800649751329384,561.9062187499543,19.800649751329384,T2,90,42,False
2856.689924522276,342.0944239945892,343.1975101223237,11.975203225873301,12.013817361704616,False,6486,90.0,1.0,328.84867162611283,11.511528388265875,327.5657609685963,11.46661939599115,T2,90,42,False
2230.0604120315097,281.2164289967841,274.84345258491226,12.610260577676701,12.32448462391829,False,1860,90.0,1.0,277.7305481212304,12.45394728424542,288.1047370169712,12.919144946145991,T2,90,42,False
3282.582183592747,1215.3996868240345,1218.5964244507672,37.025719962136456,37.12310480881938,False,4148,90.0,1.0,1610.9851862427347,49.07676628158418,1610.9851862427347,49.07676628158418,T2,90,42,False
3218.5175727435326,1295.5491123259617,1295.8102680144646,40.252976193061706,40.26109035377702,False,4017,90.0,1.0,1277.2935089479615,39.685770858139804,1277.2935089479615,39.685770858139804,T2,90,42,False
3196.1999519869673,760.7024150578983,772.7555636788056,23.800213581287235,24.177322297949793,False,5091,90.0,1.0,770.4967784306799,24.106651336118336,770.5332457191423,24.10779229378714,T2,90,42,False
2200.133304497854,1259.132155150919,1256.1612399997766,57.22981205624248,57.09477864053677,False,2939,90.0,1.0,1281.321134774382,58.23834092938398,1286.0171469565878,58.45178309548389,T2,90,42,False
3229.0003034475812,779.3524373286667,784.1740414098037,24.136028618410396,24.285350502214154,False,6232,90.0,1.0,785.2812454361974,24.31963987732544,780.4663286630339,24.170525095018895,T2,90,42,False
1821.5335906715352,1077.4169890609041,1076.5786889620815,59.14889489705752,59.10287323140634,False,2484,90.0,1.0,1028.2646535851186,56.45049088587126,1028.1326557348725,56.44324436289073,T2,90,42,False
3188.339941009955,442.06839602588207,441.60961123382435,13.865158803795877,13.850769347196328,False,5329,90.0,1.0,339.9168105026679,10.661247445120111,341.063790454093,10.697221650275344,T2,90,42,False
2514.3661379752384,307.150579116329,309.809233009468,12.215825470974183,12.32156400495237,False,1839,90.0,1.0,296.16938994867525,11.779087598879839,296.16938994867525,11.779087598879839,T2,90,42,False
2629.7348652040614,665.1964889582223,656.799134856145,25.29519221728098,24.97586899526386,False,1287,90.0,1.0,648.913649862707,24.676010439263532,658.1830724028971,25.028495500128056,T2,90,42,False
2861.4888279073766,822.9737347429084,823.409633509282,28.760333666749062,28.775566952377247,False,6007,90.0,1.0,890.665109786939,31.12593350358413,795.0959231820493,27.786092170889503,T2,90,123,False
3215.4523072133156,584.5972698195748,580.3691575080593,18.180872050508448,18.0493785028657,False,5233,90.0,1.0,577.583539930614,17.96274628719899,581.9169902566002,18.09751582852494,T2,90,123,False
2074.6887359700804,970.0102382086809,975.0763275896412,46.75449484980814,46.99868036511589,False,2972,90.0,1.0,973.9497398467529,46.94437883431968,852.369450240482,41.08420870381465,T2,90,123,False
3160.0757980621793,963.0213202572249,965.7842587520024,30.47462724937701,30.562059914646362,False,6915,90.0,1.0,934.5256245942176,29.572886358209733,929.6344600011141,29.41810638121985,T2,90,123,False
2494.7744966542523,212.11318167619064,217.35731084656092,8.502298783343187,8.712503319961757,False,1852,90.0,1.0,201.31958357431785,8.069650537325437,201.31958357431785,8.069650537325437,T2,90,123,False
1706.366134494022,166.49768728917488,172.14914031207402,9.757442082530861,10.088640229789858,False,2373,90.0,1.0,150.17881483511206,8.801089742656176,150.50818182084168,8.820391988467993,T2,90,123,False
2999.4114939369965,856.21105020098,854.0268495869013,28.54596816514583,28.4731471928153,False,6281,90.0,1.0,881.6140324794453,29.39290038267633,881.0611918483631,29.374468745930265,T2,90,123,False
2270.06838451824,520.1631191394576,519.3553870018208,22.913984560418786,22.878402718781523,False,3863,90.0,1.0,696.9212596664308,30.700452216303315,696.9212596664308,30.700452216303315,T2,90,123,False
2821.4907127311994,595.7665753302491,596.3027876301694,21.1153122936757,21.134316868012977,False,6520,90.0,1.0,190.31043952814198,6.745031577435948,190.31043952814198,6.745031577435948,T2,90,123,False
3257.2959865744638,1301.9152752034986,1297.3157642817237,39.96920392158338,39.827997505564305,False,4107,90.0,1.0,1283.015503433874,39.388975049306396,1288.1208454940042,39.54571063861644,T2,90,123,False
3158.1559720891905,610.9791386916356,609.772263663867,19.346072331173033,19.307857783239534,False,5617,90.0,1.0,615.9551166182171,19.503631931476427,617.4378082088122,19.550579948094306,T2,90,123,False
3188.339941009955,442.06839602588207,441.60961123382435,13.865158803795877,13.850769347196328,False,5329,90.0,1.0,339.9168105026679,10.661247445120111,341.063790454093,10.697221650275344,T2,90,123,False
2931.5778322740634,959.9448664619329,963.3501082040933,32.74498994684002,32.86114724973241,False,3993,90.0,1.0,926.3268190082821,31.598233852441098,924.383977171312,31.531960945899744,T2,90,123,False
1630.0748789671738,1059.4266010623553,1051.8684367118112,64.99251137061968,64.52884160623849,False,2400,90.0,1.0,1050.1007446818355,64.42039922406425,1050.1007446818355,64.42039922406425,T2,90,123,False
2614.8302379240167,656.6478786158107,656.1771631298582,25.11244780223824,25.094446041392526,False,1283,90.0,1.0,834.0120415626102,31.89545651823097,844.936355007811,32.31323941238451,T2,90,123,False
3093.1220338722655,631.3625484531264,631.7736775623013,20.41182150394262,20.425113223592625,False,6066,90.0,1.0,640.3942535240925,20.703814673693486,640.2701822183906,20.699803473865504,T2,90,2024,False
1834.3639412315395,785.0387872413166,794.1764537471794,42.79623958996186,43.294377734769036,False,2650,90.0,1.0,785.4545978638743,42.818907426655066,777.5019545476289,42.38537059475975,T2,90,2024,False
2660.2941366131386,728.3681854622056,719.4355449256333,27.379235079227076,27.04345865459666,False,1165,90.0,1.0,718.0789495764882,26.992464468259346,727.1780739865281,27.334498993119226,T2,90,2024,False
3278.103343534777,797.6411421940159,791.7875729486099,24.332397688656144,24.15383195621971,False,6204,90.0,1.0,788.4730971322841,24.05272239776535,794.4033574206962,24.23362762456694,T2,90,2024,False
1892.9103070983115,1528.4537752446417,1527.419539508597,80.74623343287965,80.69159609839178,False,2451,90.0,1.0,1525.6040214956345,80.59568463305956,1527.3419910470905,80.68749931360405,T2,90,2024,False
1774.9904169807623,519.0053559095037,522.1633668806244,29.23989622390895,29.417813295511653,False,3004,90.0,1.0,385.419108099603,21.713869799657644,387.45169353830613,21.8283822735988,T2,90,2024,False
3249.0039658023397,666.2497876424211,669.6563875881988,20.506278067219625,20.611128660867223,False,6739,90.0,1.0,556.3085912971127,17.122434972458787,552.0666819109183,16.991874670568023,T2,90,2024,False
2379.3862236296955,897.1323544246723,900.6359123575531,37.70436028902104,37.8516065787611,False,2283,90.0,1.0,864.0050008011937,36.312095624525185,825.8966075703028,34.710489594682855,T2,90,2024,False
2556.503221531817,611.2619068424676,607.7996942270269,23.91007770669692,23.77465004181934,False,909,90.0,1.0,594.3335547684131,23.247909478960004,578.4286096241779,22.62577276462779,T2,90,2024,False
2800.2019397071954,621.2163685798503,618.8110892892647,22.184698887995488,22.09880225116804,False,5054,90.0,1.0,563.4274098893505,20.120956346036444,567.5536350502865,20.268310902949846,T2,90,2024,False
3328.3353291171757,1283.227562846483,1274.3442906372268,38.554635755011276,38.287737401004016,False,4097,90.0,1.0,1277.772892677822,38.39074991932213,1286.9629309878073,38.66686507603691,T2,90,2024,False
,,,,,,3236,,,,,,,T2,90,2024,True
2170.5416963382313,171.59759946401672,169.93263979019412,7.90574996801522,7.829042864132744,False,657,90.0,1.0,155.12817103599477,7.146979544217033,157.11721267589212,7.238617573712293,T2,90,2024,False
3150.1861182001685,800.0615755175427,806.1470257890567,25.397279573266957,25.590457056856113,False,4660,90.0,1.0,785.0698467096706,24.921379793210868,778.2868619241999,24.706059665099005,T2,90,2024,False
2982.0332779558526,456.31793058938337,469.74763304717914,15.302241392228316,15.752595268460096,False,5013,90.0,1.0,469.60599183251423,15.747845448405705,456.131057572085,15.29597476138017,T2,90,2024,False
